opt_score,test_train_diff,fut,hl,opt_buy,opt_sell,best_buy,best_sell,best_score
0.02943033778157327,-0.2282887851134864,1,0,-0.0001,-0.0002,7.000000000000001e-05,-0.0002,0.038136465058242336
0.03295234865245446,-0.45379063778009754,1,8,6.000000000000001e-05,-0.0002,8e-05,-0.00017,0.06032915385875046
0.030934171197744758,-0.3839458346832199,3,0,-5e-05,-0.00011,7.000000000000001e-05,-0.00014,0.05021339508651509
0.04072603208903382,-0.22399859402596684,3,8,4.000000000000001e-05,-0.00011,6.000000000000001e-05,-4.9999999999999996e-05,0.05248190502685327
0.03597262118080581,-0.24906183504649676,5,0,4.000000000000001e-05,-0.00019,7.000000000000001e-05,-0.00013000000000000002,0.04790357296999703
0.024480700664267514,-0.5583253369617054,5,8,3.000000000000001e-05,-0.00014,6.000000000000001e-05,-3.9999999999999996e-05,0.055426997998626326
0.0452177254466365,-0.3967704174645997,10,0,7.000000000000001e-05,-0.00019,3.000000000000001e-05,-0.0001,0.07495939648149287
0.04855510903944451,-0.12454209502810627,10,8,5.000000000000001e-05,-9e-05,5.000000000000001e-05,-4.9999999999999996e-05,0.05546252853928294
