opt_score,test_train_diff,fut,hl,opt_buy,opt_sell,best_buy,best_sell,best_score
0.0435282134254947,-0.07499131629412677,1,-1,9e-05,-0.00019,7.000000000000001e-05,-0.0001,0.047057086265511694
